<?xml version="1.0" encoding="UTF-8"?>
<includes>

	<include name="WidgetGroupListCommon">
		<orientation>vertical</orientation>
		<height>99999</height>
		<itemgap>-100</itemgap>
		<usecontrolcoords>true</usecontrolcoords>
	</include>

	<include name="CategoryLabel">
		<param name="visible">true</param>
		<param name="item_treshold">0</param>
		<param name="label_focus">$VAR[FlixCrumbsVar]</param>
		<definition>
			<control type="group" id="$PARAM[list_id]665">
				<left>50</left>
				<top>80</top>
				<height>40</height>
				<width>1815</width>
				<visible>Integer.IsGreater(Container($PARAM[list_id]).NumItems,$PARAM[item_treshold]) | [Container($PARAM[list_id]).IsUpdating + Integer.IsEqual(Container($PARAM[list_id]).NumItems,0)]</visible>
				<visible>$PARAM[visible]</visible>
				<control type="label">
					<top>12</top>
					<label>$VAR[LoadingLabelsVar]</label>
					<font>font27</font>
					<textcolor>unfocused_text</textcolor>
					<shadowcolor>text_shadow</shadowcolor>
				</control>
				<control type="label">
					<top>12</top>
					<label>$VAR[HomescreenFlixCrumbs]$VAR[SearchFlixCrumbs]$PARAM[label]$PARAM[label_focus]</label>
					<font>font27</font>
					<textcolor>unfocused_text</textcolor>
					<shadowcolor>text_shadow</shadowcolor>
					<scroll>true</scroll>
					<scrollspeed>100</scrollspeed>
					<visible>[!Container($PARAM[list_id]).IsUpdating + Control.HasFocus($PARAM[list_id])] | Skin.HasSetting(TrailerPlaying)</visible>
				</control>
			</control>
		</definition>
	</include>

	<include name="WidgetListPoster">
		<param name="onclick_condition">false</param>
		<definition>
			<include content="CategoryLabel">
				<param name="label">$PARAM[widget_header]</param>
				<param name="list_id" value="$PARAM[list_id]"/>
			</include>
			<include content="BusyListSpinner">
				<param name="list_id" value="$PARAM[list_id]"/>
				<param name="posy" value="240"/>
			</include>
			<control type="fixedlist" id="$PARAM[list_id]">
				<top>107</top>
				<onright>$PARAM[list_id]</onright>
				<orientation>horizontal</orientation>
				<movement>6</movement>
				<visible>Integer.IsGreater(Container($PARAM[list_id]).NumItems,0) | Container($PARAM[list_id]).IsUpdating</visible>
				<right>0</right>
				<height>1100</height>
				<animation effect="fade" start="0" end="100" time="500" tween="sine" reversible="true" condition="Control.HasFocus($PARAM[list_id]) | Control.HasFocus(9000) | Control.HasFocus(700) | Control.HasFocus(733)">Conditional</animation>
				<onclick condition="$PARAM[onclick_condition]">$PARAM[onclick_action]</onclick>
				<include content="WidgetListCommon">
					<param name="list_id" value="$PARAM[list_id]"/>
				</include>
				<itemlayout width="263" >
					<control type="group">
						<left>35</left>
						<top>15</top>
						<include content="FlixMovieLayout">
						<!-- <param name="focused" value="false" /> -->
						<param name="list_id" value="$PARAM[list_id]" />
						</include>
					</control>
				</itemlayout>
				<focusedlayout width="263" >
					<control type="group">
						<depth>DepthContentPopout</depth>
						<left>35</left>
						<top>15</top>
						<include content="FlixMovieLayout">
						<param name="focused" value="true" />
						<param name="list_id" value="$PARAM[list_id]" />
						</include>
						<include>TrailerAutoStop</include>
					</control>
				</focusedlayout>
				<content sortby="$PARAM[sortby]" sortorder="$PARAM[sortorder]" target="$PARAM[widget_target]" limit="$PARAM[limit]">$PARAM[content_path]</content>
			</control>
		</definition>
	</include>

	<include name="WidgetListSquare">
		<!-- <param name="item_limit">30</param>
		<param name="icon">$INFO[ListItem.Icon]</param>
		<param name="icon_height">230</param>
		<param name="additional_movie_items">false</param>
		<param name="additional_tvshow_items">false</param> -->
		<param name="visible">true</param>
		<param name="sub_label">$INFO[ListItem.Label]</param>
		<!-- <param name="sortby"></param>
		<param name="sortorder">ascending</param> -->
		<!-- <param name="widget_limit">15</param> -->
		<param name="fallback_icon">DefaultFolder.png</param>
		<param name="onclick_condition">false</param>
		<definition>
			<include content="CategoryLabel">
				<param name="label">$PARAM[widget_header]</param>
				<param name="list_id" value="$PARAM[list_id]"/>
				<param name="visible" value="$PARAM[visible]"/>
			</include>
			<include content="BusyListSpinner">
				<param name="list_id" value="$PARAM[list_id]"/>
				<param name="visible" value="$PARAM[visible]"/>
				<param name="posy" value="140"/>
			</include>
			<control type="fixedlist" id="$PARAM[list_id]">
				<top>107</top>
				<right>0</right>
				<height>1100</height>
				<onright>$PARAM[list_id]</onright>
				<movement>5</movement>
				<animation effect="fade" start="0" end="100" time="500" tween="sine" reversible="true" condition="Control.HasFocus($PARAM[list_id]) | Control.HasFocus(9000) | Control.HasFocus(700) | Control.HasFocus(733)">Conditional</animation>
				<!-- <onfocus>Control.Move($PARAM[list_id],-$INFO[Container($PARAM[list_id]).Position])</onfocus>
				<onfocus>Control.Move($PARAM[list_id],$INFO[Window(home).Property(listposition)])</onfocus> -->
				<include content="WidgetListCommon">
					<param name="list_id" value="$PARAM[list_id]"/>
				</include>
				<visible>$PARAM[visible]</visible>
				<visible>Integer.IsGreater(Container($PARAM[list_id]).NumItems,0) | Container($PARAM[list_id]).IsUpdating</visible>
				<itemlayout width="306">
					<control type="group">
						<top>26</top>
						<left>56</left>
						<include content="FlixSquareLayout">
							<param name="main_label" value="$PARAM[main_label]" />
							<param name="single_label" value="$PARAM[single_label]" />
							<param name="sub_label" value="$PARAM[sub_label]" />
							<param name="list_id" value="$PARAM[list_id]" />
							<param name="focused" value="false" />
						</include>
					</control>
				</itemlayout>
				<focusedlayout width="306">
					<control type="group">
						<depth>DepthContentPopout</depth>
						<top>26</top>
						<left>56</left>
						<include content="FlixSquareLayout">
							<param name="main_label" value="$PARAM[main_label]" />
							<param name="single_label" value="$PARAM[single_label]" />
							<param name="sub_label" value="$PARAM[sub_label]" />
							<param name="list_id" value="$PARAM[list_id]" />
							<param name="focused" value="true" />
						</include>
					</control>
				</focusedlayout>
				<content target="$PARAM[widget_target]" limit="$PARAM[item_limit]">$PARAM[content_path]</content>
				<include>$PARAM[content_include]</include>
			</control>
		</definition>
	</include>

	<include name="ImageWidget">
		<param name="visible">true</param>
		<param name="visible_1">true</param>
		<param name="visible_2">true</param>
		<param name="visible_3">true</param>
		<param name="button2_label">$LOCALIZE[31116]</param>
		<param name="button3_label">Return to the home screen</param>
		<param name="button2_onclick">true</param>
		<definition>
			<control type="group" id="$PARAM[button_id]889">
				<visible>$PARAM[visible]</visible>
				<control type="grouplist" id="$PARAM[button_id]577">
					<orientation>vertical</orientation>
					<top>90</top>
					<bottom>0</bottom>
					<left>$PARAM[left]</left>
					<right>50</right>
					<align>center</align>
					<control type="textbox">
						<width>100%</width>
						<height min="110" max="300">auto</height>
						<label>$PARAM[text_label]</label>
						<textcolor>unfocused_text</textcolor>
						<align>center</align>
						<font>font14</font>
					</control>
					<control type="grouplist" id="$PARAM[button_id]567">
						<itemgap>30</itemgap>
						<width>100%</width>
						<onup>9000</onup>
						<ondown>9000</ondown>
						<orientation>horizontal</orientation>
						<align>center</align>
						<onleft>9000</onleft>
						<control type="button" id="$PARAM[button_id]">
							<width>auto</width>
							<height>75</height>
							<label>$PARAM[button_label]</label>
							<textoffsetx>40</textoffsetx>
							<onclick>$PARAM[button_onclick]</onclick>
							<align>center</align>
							<texturefocus border="40" colordiffuse="button_focus">buttons/dfo.png</texturefocus>
							<texturenofocus border="40" colordiffuse="FF3d3d3d">buttons/dnfo.png</texturenofocus>
							<focusedcolor>focused_text</focusedcolor>
							<visible>$PARAM[visible_1]</visible>
						</control>
						<control type="button" id="$PARAM[button_id]568">
							<width>auto</width>
							<height>75</height>
							<label>$PARAM[button2_label]</label>
							<textoffsetx>40</textoffsetx>
							<onclick>$PARAM[button2_onclick]</onclick>
							<onclick>SetFocus(9000)</onclick>
							<align>center</align>
							<texturefocus border="40" colordiffuse="button_focus">buttons/dfo.png</texturefocus>
							<texturenofocus border="40" colordiffuse="FF3d3d3d" >buttons/dnfo.png</texturenofocus>
							<focusedcolor>focused_text</focusedcolor>
							<visible>$PARAM[visible_2] + Window.IsActive(home)</visible>
						</control>
						<control type="button" id="$PARAM[button_id]569">
							<width>auto</width>
							<height>75</height>
							<label>$PARAM[button3_label]</label>
							<textoffsetx>40</textoffsetx>
							<onclick>$PARAM[button3_onclick]</onclick>
							<onclick>SetFocus(9000)</onclick>
							<align>center</align>
							<texturefocus border="40" colordiffuse="button_focus">buttons/dfo.png</texturefocus>
							<texturenofocus border="40" colordiffuse="FF3d3d3d" >buttons/dnfo.png</texturenofocus>
							<focusedcolor>focused_text</focusedcolor>
							<visible>$PARAM[visible_3] + Window.IsActive(1121)</visible>
						</control>
					</control>
				</control>
			</control>
		</definition>
	</include>

	<include name="WidgetListPVR">
		<param name="item_treshold">0</param>
		<param name="icon">$INFO[ListItem.Icon]</param>
		<param name="label">$INFO[ListItem.Label]</param>
		<param name="label2">$INFO[ListItem.Title]</param>
		<param name="info_update">0</param>
		<definition>
			<include content="CategoryLabel">
				<param name="label">$PARAM[widget_header]</param>
				<param name="list_id" value="$PARAM[list_id]"/>
				<param name="item_treshold" value="$PARAM[item_treshold]"/>
			</include>
			<include content="BusyListSpinner">
				<param name="list_id" value="$PARAM[list_id]"/>
				<param name="posy" value="200"/>
			</include>
			<control type="fixedlist" id="$PARAM[list_id]">
				<top>107</top>
				<right>0</right>
				<height>1100</height>
				<movement>5</movement>
				<onright>$PARAM[list_id]</onright>
				<animation effect="fade" start="0" end="100" time="500" tween="sine" reversible="true" condition="Control.HasFocus($PARAM[list_id]) | Control.HasFocus(9000) | Control.HasFocus(700) | Control.HasFocus(733)">Conditional</animation>
				<include content="WidgetListCommon">
					<param name="list_id" value="$PARAM[list_id]"/>
				</include>
				<visible>Integer.IsGreater(Container($PARAM[list_id]).NumItems,$PARAM[item_treshold]) | [Container($PARAM[list_id]).IsUpdating + Integer.IsEqual(Container($PARAM[list_id]).NumItems,0)]</visible>
				<itemlayout width="306" infoupdate="$PARAM[info_update]">
					<control type="group">
						<left>37</left>
						<control type="image">
							<!-- 319 -->
							<width>315</width>
							<!-- 340 -->
							<height>315</height>
							<texture colordiffuse="dialog_bg">masks/addons.png</texture>
							<bordersize>20</bordersize>
						</control>
						<control type="image">
							<top>43</top>
							<left>60</left>
							<width>205</width>
							<height>147</height>
							<texture fallback="DefaultTVShows.png">$PARAM[icon]</texture>
							<aspectratio>keep</aspectratio>
						</control>
						<control type="label">
							<left>58</left>
							<top>214</top>
							<width>205</width>
							<height>70</height>
							<label>$PARAM[label]</label>
							<textcolor>unfocused_text</textcolor>
							<font>font12</font>
							<shadowcolor>text_shadow</shadowcolor>
							<align>center</align>
							<aligny>top</aligny>
						</control>
						<control type="label">
							<left>58</left>
							<top>244</top>
							<width>205</width>
							<height>65</height>
							<label>$PARAM[label2]</label>
							<textcolor>unfocused_text</textcolor>
							<font>font12</font>
							<shadowcolor>text_shadow</shadowcolor>
							<align>center</align>
							<aligny>top</aligny>
						</control>
						<control type="image">
							<left>220</left>
							<top>30</top>
							<width>32</width>
							<height>32</height>
							<texture>$VAR[WallWatchedIconVar]</texture>
						</control>
						<control type="progress">
							<left>40</left>
							<top>267</top>
							<width>237</width>
							<height>1</height>
							<texturebg></texturebg>
							<midtexture colordiffuse="$VAR[FocusedColorVar]" border="3">progress/texturebg_alt_white.png</midtexture>
							<info>ListItem.PercentPlayed</info>
							<visible>!Integer.IsEqual(ListItem.PercentPlayed,0)</visible>
						</control>
						<control type="progress">
							<left>40</left>
							<top>267</top>
							<width>237</width>
							<height>1</height>
							<texturebg></texturebg>
							<midtexture colordiffuse="$VAR[FocusedColorVar]" border="3">progress/texturebg_alt_white.png</midtexture>
							<info>ListItem.Progress</info>
							<visible>!Integer.IsEqual(ListItem.Progress,0)</visible>
						</control>
					</control>
				</itemlayout>
				<focusedlayout width="306" infoupdate="$PARAM[info_update]">
					<control type="group">
						<depth>DepthContentPopout</depth>
						<left>37</left>
						<control type="progress">
							<left>40</left>
							<top>267</top>
							<width>237</width>
							<height>1</height>
							<texturebg></texturebg>
							<midtexture colordiffuse="$VAR[FocusedColorVar]" border="3">progress/texturebg_alt_white.png</midtexture>
							<info>ListItem.PercentPlayed</info>
							<visible>!Integer.IsEqual(ListItem.PercentPlayed,0)</visible>
						</control>
						<control type="progress">
							<left>40</left>
							<top>267</top>
							<width>237</width>
							<height>1</height>
							<texturebg></texturebg>
							<midtexture colordiffuse="$VAR[FocusedColorVar]" border="3">progress/texturebg_alt_white.png</midtexture>
							<info>ListItem.Progress</info>
							<visible>!Integer.IsEqual(ListItem.Progress,0)</visible>
						</control>
						<control type="image">
							<width>315</width>
							<height>315</height>
							<texture diffuse="masks/addons.png" colordiffuse="$VAR[FocusedColorVar]">colors/grey.png</texture>
							<bordersize>15</bordersize>
							<include>Animation_FocusTextureFade</include>
							<visible>Control.HasFocus($PARAM[list_id])</visible>
						</control>
						<control type="image">
							<width>315</width>
							<height>315</height>
							<texture colordiffuse="dialog_bg">masks/addons.png</texture>
							<bordersize>20</bordersize>
						</control>
						<control type="image">
							<top>43</top>
							<left>60</left>
							<width>205</width>
							<height>147</height>
							<texture fallback="DefaultTVShows.png">$PARAM[icon]</texture>
							<aspectratio>keep</aspectratio>
						</control>
						<control type="label">
							<left>58</left>
							<top>214</top>
							<width>205</width>
							<height>70</height>
							<label>$PARAM[label]</label>
							<font>font12</font>
							<textcolor>unfocused_text</textcolor>
							<shadowcolor>text_shadow</shadowcolor>
							<align>center</align>
							<scroll>Control.HasFocus($PARAM[list_id])</scroll>
							<aligny>top</aligny>
						</control>
						<control type="label">
							<left>58</left>
							<top>244</top>
							<width>205</width>
							<height>65</height>
							<label>$PARAM[label2]</label>
							<font>font12</font>
							<textcolor>unfocused_text</textcolor>
							<shadowcolor>text_shadow</shadowcolor>
							<align>center</align>
							<scroll>Control.HasFocus($PARAM[list_id])</scroll>
							<aligny>top</aligny>
						</control>
						<control type="image">
							<left>220</left>
							<top>30</top>
							<width>32</width>
							<height>32</height>
							<texture colordiffuse="skyblue">$VAR[WallWatchedIconVar]</texture>
						</control>
					</control>
				</focusedlayout>
				<content sortby="$PARAM[sortby]" sortorder="$PARAM[sortorder]" target="$PARAM[widget_target]" limit="$PARAM[item_limit]">$PARAM[content_path]</content>
			</control>
		</definition>
	</include>

	<include name="HourlyItems">
		<content>
			<item>
				<icon>resource://resource.images.weathericons.default/na.png</icon>
				<onclick>noop</onclick>
				<visible>String.IsEmpty(Window(weather).Property(Hourly.IsFetched))</visible>
			</item>
			<include content="WeatherHourlyItem">
				<param name="item_index" value="1" />
			</include>
			<include content="WeatherHourlyItem">
				<param name="item_index" value="2" />
			</include>
			<include content="WeatherHourlyItem">
				<param name="item_index" value="3" />
			</include>
			<include content="WeatherHourlyItem">
				<param name="item_index" value="4" />
			</include>
			<include content="WeatherHourlyItem">
				<param name="item_index" value="5" />
			</include>
			<include content="WeatherHourlyItem">
				<param name="item_index" value="6" />
			</include>
			<include content="WeatherHourlyItem">
				<param name="item_index" value="7" />
			</include>
			<include content="WeatherHourlyItem">
				<param name="item_index" value="8" />
			</include>
			<include content="WeatherHourlyItem">
				<param name="item_index" value="9" />
			</include>
			<include content="WeatherHourlyItem">
				<param name="item_index" value="10" />
			</include>
			<include content="WeatherHourlyItem">
				<param name="item_index" value="11" />
			</include>
			<include content="WeatherHourlyItem">
				<param name="item_index" value="12" />
			</include>
			<include content="WeatherHourlyItem">
				<param name="item_index" value="13" />
			</include>
			<include content="WeatherHourlyItem">
				<param name="item_index" value="14" />
			</include>
			<include content="WeatherHourlyItem">
				<param name="item_index" value="15" />
			</include>
			<include content="WeatherHourlyItem">
				<param name="item_index" value="16" />
			</include>
			<include content="WeatherHourlyItem">
				<param name="item_index" value="17" />
			</include>
			<include content="WeatherHourlyItem">
				<param name="item_index" value="18" />
			</include>
			<include content="WeatherHourlyItem">
				<param name="item_index" value="19" />
			</include>
			<include content="WeatherHourlyItem">
				<param name="item_index" value="20" />
			</include>
			<include content="WeatherHourlyItem">
				<param name="item_index" value="21" />
			</include>
			<include content="WeatherHourlyItem">
				<param name="item_index" value="22" />
			</include>
			<include content="WeatherHourlyItem">
				<param name="item_index" value="23" />
			</include>
			<include content="WeatherHourlyItem">
				<param name="item_index" value="24" />
			</include>
		</content>
	</include>

	<include name="DailyItems">
		<content>
			<item>
				<icon>resource://resource.images.weathericons.default/na.png</icon>
				<onclick>noop</onclick>
				<visible>!Weather.IsFetched</visible>
			</item>
			<include content="WeatherDayItem">
				<param name="item_index" value="0" />
			</include>
			<include content="WeatherDayItem">
				<param name="item_index" value="1" />
			</include>
			<include content="WeatherDayItem">
				<param name="item_index" value="2" />
			</include>
			<include content="WeatherDayItem">
				<param name="item_index" value="3" />
			</include>
			<include content="WeatherDayItem">
				<param name="item_index" value="4" />
			</include>
			<include content="WeatherDayItem">
				<param name="item_index" value="5" />
			</include>
			<include content="WeatherDayItem">
				<param name="item_index" value="6" />
			</include>
			<include content="WeatherDailyItem">
				<param name="item_index" value="1" />
			</include>
			<include content="WeatherDailyItem">
				<param name="item_index" value="2" />
			</include>
			<include content="WeatherDailyItem">
				<param name="item_index" value="3" />
			</include>
			<include content="WeatherDailyItem">
				<param name="item_index" value="4" />
			</include>
			<include content="WeatherDailyItem">
				<param name="item_index" value="5" />
			</include>
			<include content="WeatherDailyItem">
				<param name="item_index" value="6" />
			</include>
			<include content="WeatherDailyItem">
				<param name="item_index" value="7" />
			</include>
			<include content="WeatherDailyItem">
				<param name="item_index" value="8" />
			</include>
			<include content="WeatherDailyItem">
				<param name="item_index" value="9" />
			</include>
			<include content="WeatherDailyItem">
				<param name="item_index" value="10" />
			</include>
			<include content="WeatherDailyItem">
				<param name="item_index" value="11" />
			</include>
			<include content="WeatherDailyItem">
				<param name="item_index" value="12" />
			</include>
			<include content="WeatherDailyItem">
				<param name="item_index" value="13" />
			</include>
			<include content="WeatherDailyItem">
				<param name="item_index" value="14" />
			</include>
		</content>
	</include>

	<include name="WeatherHourlyItem">
		<item>
			<label>[COLOR unfocused_text]$INFO[Window(weather).Property(Hourly.$PARAM[item_index].Time)][/COLOR]</label>
			<label2>[COLOR unfocused_text][B]$INFO[Window(weather).Property(Hourly.$PARAM[item_index].Temperature)]  [COLOR unfocused_text]•[/B][/COLOR]  $INFO[Window(weather).Property(Hourly.$PARAM[item_index].Precipitation)][/COLOR]</label2>
			<property name="Temperature">$INFO[Window(weather).Property(Hourly.$PARAM[item_index].Temperature)]</property>
			<property name="Outlook">$INFO[Window(weather).Property(Hourly.$PARAM[item_id].Outlook)]</property>
			<property name="Cloudiness">$INFO[Window(weather).Property(Hourly.$PARAM[item_index].Cloudiness)]</property>
			<property name="ShortDate">[COLOR darkgrey]$INFO[Window(weather).Property(Hourly.$PARAM[item_index].ShortDate)][/COLOR]</property>
			<property name="FanartCode">$INFO[Window(weather).Property(Hourly.$PARAM[item_index].FanartCode)]</property>
			<thumb>resource://resource.images.weathericons.default/$INFO[Window(weather).Property(Hourly.$PARAM[item_index].OutlookIcon)]</thumb>
			<onclick>noop</onclick>
			<visible>!String.IsEmpty(Window(weather).Property(Hourly.$PARAM[item_index].Outlook))</visible>
		</item>
	</include>

	<include name="WeatherDailyItem">
		<item>
			<label>$INFO[Window(weather).Property(Daily.$PARAM[item_index].LongDay)]</label>
			<label2>[COLOR FFFF4C4C][B]$INFO[Window(weather).Property(Daily.$PARAM[item_index].HighTemperature)][/COLOR]  [COLOR unfocused_text]•[/COLOR]  [COLOR FF4C8CFF]$INFO[Window(weather).Property(Daily.$PARAM[item_index].LowTemperature)][/B][/COLOR]</label2>
			<property name="LongDay">$INFO[Window(weather).Property(Daily.$PARAM[item_index].LongDay)]</property>
			<property name="TempDay">$INFO[Window(weather).Property(Daily.$PARAM[item_index].TempDay)]</property>
			<property name="Cloudiness">$INFO[Window(weather).Property(Daily.$PARAM[item_index].Cloudiness)]</property>
			<property name="Outlook">$INFO[Window(weather).Property(Daily.$PARAM[item_index].Outlook)]</property>
			<property name="ShortDate">[COLOR darkgrey]$INFO[Window(weather).Property(Daily.$PARAM[item_index].ShortDate)][/COLOR]</property>
			<property name="FanartCode">$INFO[Window(weather).Property(Daily.$PARAM[item_index].FanartCode)]</property>
			<thumb>resource://resource.images.weathericons.default/$INFO[Window(weather).Property(Daily.$PARAM[item_index].OutlookIcon)]</thumb>
			<onclick>noop</onclick>
			<visible>!String.IsEmpty(Window(weather).Property(Daily.IsFetched)) + !String.IsEmpty(Window(weather).Property(Daily.$PARAM[item_index].Outlook))</visible>
		</item>
	</include>

	<include name="WeatherDayItem">
		<item>
			<label>$INFO[Window(weather).Property(Day$PARAM[item_index].Title)]</label>
			<label2>[COLOR blue]$INFO[Window(weather).Property(Day$PARAM[item_index].LowTemp)]$INFO[System.TemperatureUnits][/COLOR] ∙ [COLOR red]$INFO[Window(weather).Property(Day$PARAM[item_index].HighTemp)]$INFO[System.TemperatureUnits][/COLOR]</label2>
			<property name="LongDay"></property>
			<property name="TempDay"></property>
			<property name="Cloudiness"></property>
			<property name="Outlook"></property>
			<property name="ShortDate"></property>
			<property name="FanartCode">$INFO[Window(weather).Property(Day$PARAM[item_index].FanartCode)]</property>
			<thumb>$INFO[Window(weather).Property(Day$PARAM[item_index].OutlookIcon)]</thumb>
			<onclick>noop</onclick>
			<visible>String.IsEmpty(Window(weather).Property(Daily.IsFetched)) + !String.IsEmpty(Window(weather).Property(Day$PARAM[item_index].Outlook))</visible>
		</item>
	</include>

	<include name="WeatherMapItem">
		<control type="group" id="700$PARAM[item_id]">
			<height>1110</height>
			<visible>Weather.IsFetched + !String.IsEmpty(Window(weather).Property(Map.$PARAM[item_id].Area)) + !String.IsEmpty(Window(weather).Property(Map.IsFetched))</visible>
			<centerleft>50%</centerleft>
			<width>1920</width>
			<control type="button" id="700$PARAM[item_id]0">
				<left>50</left>
				<top>100</top>
				<width>1820</width>
				<height>920</height>
				<onup>$PARAM[onup_id]</onup>
				<ondown>$PARAM[ondown_id]</ondown>
			</control>
			<control type="image" id="700$PARAM[item_id]1">
				<left>50</left>
				<top>100</top>
				<width>1820</width>
				<height>920</height>
				<texture>dialogs/dialog-bg-nobo.png</texture>
				<bordertexture border="21" infill="false">overlays/shadow.png</bordertexture>
				<bordersize>20</bordersize>
			</control>
			<control type="image" id="700$PARAM[item_id]2">
				<left>120</left>
				<top>160</top>
				<width>1680</width>
				<height>800</height>
				<texture>$INFO[Window(weather).Property(Map.$PARAM[item_id].Area)]</texture>
				<aspectratio>scale</aspectratio>
			</control>
			<control type="image" id="700$PARAM[item_id]3">
				<left>120</left>
				<top>160</top>
				<width>1680</width>
				<height>800</height>
				<texture>$INFO[Window(weather).Property(Map.$PARAM[item_id].Layer)]</texture>
				<aspectratio>scale</aspectratio>
				<colordiffuse>B0FFFFFF</colordiffuse>
			</control>
			<control type="image" id="700$PARAM[item_id]4">
				<left>1000</left>
				<top>858</top>
				<width>340</width>
				<height>100</height>
				<texture border="21">buttons/button-nofo.png</texture>
			</control>
			<control type="image" id="700$PARAM[item_id]5">
				<left>1340</left>
				<top>880</top>
				<width>350</width>
				<height>55</height>
				<texture>$INFO[Window(weather).Property(Map.$PARAM[item_id].Legend)]</texture>
			</control>
		</control>
		<control type="label" id="700$PARAM[item_id]9">
			<left>1000</left>
			<top>0</top>
			<width>340</width>
			<height>100</height>
			<align>center</align>
			<aligny>center</aligny>
			<animation effect="slide" end="0,-92" time="0" condition="true">Conditional</animation>
			<font>font30_title</font>
			<label>$INFO[Window(weather).Property(Map.$PARAM[item_id].Heading)]</label>
			<visible>Weather.IsFetched + !String.IsEmpty(Window(weather).Property(Map.$PARAM[item_id].Area)) + !String.IsEmpty(Window(weather).Property(Map.IsFetched))</visible>
		</control>
	</include>

	<include name="WidgetListCommon">
		<scrolltime tween="cubic" easing="out">500</scrolltime>
		<orientation>horizontal</orientation>
		<onleft condition="String.IsEqual(Skin.String(onLeftSetting),0)">9000</onleft>
		<onleft condition="String.IsEqual(Skin.String(onLeftSetting),1)">$PARAM[list_id]</onleft>
		<onright>$PARAM[list_id]</onright>
		<onback condition="String.IsEqual(Skin.String(onBackSetting),1) | String.IsEqual(Skin.String(onBackSetting),2)">SetFocus($PARAM[list_id],0,absolute)</onback>
		<onback condition="String.IsEqual(Skin.String(onBackSetting),0) | String.IsEqual(Skin.String(onBackSetting),2)">9000</onback>
		<!-- <onfocus>Control.Move($PARAM[list_id],$INFO[Window(home).Property(listposition)])</onfocus> -->
		<!-- <onfocus>Control.Move($PARAM[list_id],-$INFO[Container($PARAM[list_id]).Position])</onfocus> -->
		<onfocus>ClearProperty(nimbus_fanart_art)</onfocus>
		<onfocus>ClearProperty(nimbus_fanart_prop)</onfocus>
		<!-- <onunfocus>SetProperty(listposition,$INFO[Container($PARAM[list_id]).Position],home)</onunfocus> -->
		<onunfocus>SetProperty(nimbus_fanart_art, $INFO[Container($PARAM[list_id]).ListItem(0).Art(fanart)], home)</onunfocus>
		<onunfocus>SetProperty(nimbus_fanart_prop, $INFO[Container($PARAM[list_id]).ListItem(0).Property(fanart)], home)</onunfocus>
		<preloaditems>2</preloaditems>
	</include>

	<include name="BusyListSpinner">
		<param name="posy">160</param>
		<param name="posx">180</param>
		<param name="visible">true</param>
		<definition>
			<control type="group" id="$PARAM[list_id]599">
				<height>160</height>
				<left>$PARAM[posx]</left>
				<visible>Container($PARAM[list_id]).IsUpdating + !Integer.IsGreater(Container($PARAM[list_id]).NumItems,0)</visible>
				<visible>$PARAM[visible]</visible>
				<control type="image">
					<top>$PARAM[posy]</top>
					<width>300</width>
					<height>300</height>
					<aspectratio aligny="center">keep</aspectratio>
					<texture colordiffuse="accent_color">loading.gif</texture>
				</control>
				<!-- <control type="image">
					<top>$PARAM[posy]</top>
					<width>80</width>
					<height>80</height>
					<aspectratio aligny="center">keep</aspectratio>
					<texture colordiffuse="unfocused_text">dialogs/extendedprogress/loading.png</texture>
					<animation effect="rotate" center="auto" start="360" end="0" time="1500" loop="true" condition="true">Conditional</animation>
				</control> -->
			</control>
		</definition>
	</include>

	<include name="WidgetScrollbar">
		<control type="group">
			<right>0</right>
			<width>60</width>
			<control type="scrollbar" id="$PARAM[scrollbar_id]">
				<right>0</right>
				<top>0</top>
				<bottom>0</bottom>
				<width>13</width>
				<onleft>50</onleft>
				<onright>50</onright>
				<orientation>vertical</orientation>
				<texturesliderbackground />
				<hitrect x="0" y="0" w="60" h="100%" />
				<animation effect="fade" start="0" end="100" time="200" delay="300">Visible</animation>
				<animation effect="fade" start="100" end="0" time="200">Hidden</animation>
				<animation effect="slide" end="6,0" time="300" tween="sine" easing="inout" condition="!Control.HasFocus($PARAM[scrollbar_id])">conditional</animation>
			</control>
		</control>
	</include>

</includes>