<?xml version="1.0" encoding="UTF-8"?>
<includes>
	<include name="View_55_FlixList">
		<!-- <param name="bottom_offset">list_bottom_offset</param> -->
		<definition>
			<control type="group">
				<include>OpenClose_Right</include>
				<visible>Control.IsVisible(55)</visible>
				<include>Visible_Right</include>
				<control type="label">
					<left>50</left>
					<top>600</top>
					<width>1815</width>
					<label>$VAR[TrailerReadyVar]$VAR[ClockCrumbs]$VAR[BreadcrumbsVideoVar]$INFO[Container.PluginCategory, [COLOR accent_color][B]»[/B][/COLOR] ]$VAR[FlixCrumbsVar]</label>
					<font>font27</font>
					<textcolor>unfocused_text</textcolor>
					<shadowcolor>text_shadow</shadowcolor>
					<align>left</align>
					<visible>$EXP[isPlugin]</visible>
				</control>
				<control type="label">
					<left>50</left>
					<top>600</top>
					<width>1815</width>
					<label>$VAR[ClockCrumbs]$INFO[Container.FolderName]$VAR[FlixCrumbsVar]</label>
					<font>font27</font>
					<textcolor>unfocused_text</textcolor>
					<shadowcolor>text_shadow</shadowcolor>
					<align>left</align>
					<visible>!$EXP[isPlugin]</visible>
				</control>
				<control type="panel" id="55">
					<left>50</left>
					<top>list_top_offset</top>			
					<bottom>70</bottom>
					<scrolltime tween="cubic" easing="out">500</scrolltime>
					<pagecontrol>531</pagecontrol>
					<onright>55</onright>
					<onleft>531</onleft>
					<onup>55</onup>
					<ondown>55</ondown>
					<viewtype label="$LOCALIZE[31107]">list</viewtype>
					<focusedlayout height="list_item_height" width="608" condition="Container.Content(tvshows) | Container.Content(seasons) | Container.Content(episodes) | Container.Content(movies) | Container.Content(musicvideos) | Container.Content(videos) | Container.Content(games) | Window.IsActive(videoplaylist) | Window.IsActive(musicplaylist)">
						<include>TrailerAutoStop</include>
						<control type="image">
							<left>0</left>
							<right>0</right>
							<bottom>0</bottom>
							<texture colordiffuse="button_focus">masks/focus.png</texture>
							<visible>Control.HasFocus(55)</visible>
						</control>
						<control type="image">
							<left>25</left>
							<top>24</top>
							<width>23</width>
							<height>23</height>
							<texture colordiffuse="focused_text">$VAR[ListWatchedIconVar]</texture>
							<animation effect="fade" start="30" end="100" time="300" reversible="false">Focus</animation>
						</control>
						<control type="group">
							<left>70</left>
							<top>-4</top>
							<bottom>0</bottom>
							<control type="label">
								<right>83</right>
								<aligny>center</aligny>
								<scroll>true</scroll>
								<scrollspeed>160</scrollspeed>
								<font>font27_title</font>
								<label>[LIGHT]$VAR[ListLabelVar][/LIGHT]</label>
								<textcolor>focused_text</textcolor>
								<shadowcolor>text_shadow</shadowcolor>
								<visible>Container.Content(movies) | Container.Content(seasons) | Container.Content(episodes) | Container.Content(videos)</visible>
							</control>
							<control type="label">
								<right>243</right>
								<aligny>center</aligny>
								<scroll>true</scroll>
								<scrollspeed>160</scrollspeed>
								<font>font27_title</font>
								<label>[LIGHT]$VAR[ListLabelVar][/LIGHT]</label>
								<textcolor>focused_text</textcolor>
								<shadowcolor>text_shadow</shadowcolor>
								<visible>Container.Content(tvshows)</visible>
							</control>
						</control>
						<control type="label">
							<right>20</right>
							<top>-4</top>
							<bottom>0</bottom>
							<align>right</align>
							<aligny>center</aligny>
							<font>font27_title</font>
							<label>[LIGHT]$INFO[ListItem.Rating][/LIGHT]</label>
							<textcolor>focused_text</textcolor>
							<visible>!$EXP[isTVShow] + !$EXP[isSeason]</visible>
							<shadowcolor>text_shadow</shadowcolor>
						</control>
						<control type="label">
							<top>4</top>
							<bottom>0</bottom>
							<right>20</right>
							<align>right</align>
							<aligny>center</aligny>
							<font>font27_title</font>
							<label>[LIGHT]$INFO[ListItem.Property(WatchedEpisodes)]$INFO[ListItem.Property(TotalEpisodes), / ,][/LIGHT]</label>
							<textcolor>focused_text</textcolor>
							<visible>$EXP[isSeason]</visible>
							<shadowcolor>text_shadow</shadowcolor>
						</control>
						<control type="group">
							<visible>$EXP[isTVShow]</visible>
							<control type="label">
								<width>260</width>
								<top>-4</top>
								<bottom>0</bottom>
								<right>20</right>
								<align>right</align>
								<aligny>center</aligny>
								<font>font27_title</font>
								<label>[LIGHT]$INFO[ListItem.Property(WatchedEpisodes)]$INFO[ListItem.Property(TotalEpisodes), / ,]  •  $INFO[ListItem.Rating][/LIGHT]</label>
								<textcolor>focused_text</textcolor>
							</control>
							<shadowcolor>text_shadow</shadowcolor>
						</control>
					</focusedlayout>
					<itemlayout height="list_item_height" width="608" condition="Container.Content(tvshows) | Container.Content(seasons) | Container.Content(episodes) | Container.Content(movies) | Container.Content(musicvideos) | Container.Content(videos) | Container.Content(games) | Window.IsActive(videoplaylist) | Window.IsActive(musicplaylist)">
						<control type="image">
							<left>25</left>
							<top>24</top>
							<width>23</width>
							<height>23</height>
							<texture colordiffuse="unfocused_text">$VAR[ListWatchedIconVar]</texture>
							<animation effect="fade" start="30" end="100" time="300" reversible="false">Focus</animation>
						</control>
						<control type="group">
							<left>70</left>
							<top>-4</top>
							<bottom>0</bottom>
							<control type="label">
								<right>83</right>
								<aligny>center</aligny>
								<font>font27</font>
								<label>$VAR[ListLabelVar]</label>
								<textcolor>unfocused_text</textcolor>
								<shadowcolor>text_shadow</shadowcolor>
								<visible>Container.Content(movies) | Container.Content(seasons) | Container.Content(episodes) | Container.Content(videos)</visible>
							</control>
							<control type="label">
								<right>243</right>
								<aligny>center</aligny>
								<font>font27</font>
								<label>$VAR[ListLabelVar]</label>
								<textcolor>unfocused_text</textcolor>
								<shadowcolor>text_shadow</shadowcolor>
								<visible>Container.Content(tvshows)</visible>
							</control>
						</control>
						<control type="label">
							<top>-4</top>
							<bottom>0</bottom>
							<right>20</right>
							<align>right</align>
							<aligny>center</aligny>
							<font>font27</font>
							<textcolor>unfocused_text</textcolor>
							<label>$INFO[ListItem.Rating]</label>
							<visible>!$EXP[isTVShow] + !$EXP[isSeason]</visible>
							<shadowcolor>text_shadow</shadowcolor>
						</control>
						<control type="label">
							<top>-4</top>
							<bottom>0</bottom>
							<right>20</right>
							<align>right</align>
							<aligny>center</aligny>
							<font>font27</font>
							<textcolor>unfocused_text</textcolor>
							<label>$INFO[ListItem.Property(WatchedEpisodes)]$INFO[ListItem.Property(TotalEpisodes), / ,]</label>
							<visible>$EXP[isSeason]</visible>
							<shadowcolor>text_shadow</shadowcolor>
						</control>
					<control type="group">
						<visible>$EXP[isTVShow]</visible>
							<control type="label">
								<width>260</width>
								<top>-4</top>
								<bottom>0</bottom>
								<right>20</right>
								<align>right</align>
								<aligny>center</aligny>
								<font>font27</font>
								<textcolor>unfocused_text</textcolor>
								<label>$INFO[ListItem.Property(WatchedEpisodes)]$INFO[ListItem.Property(TotalEpisodes), / ,]  •  $INFO[ListItem.Rating]</label>
							</control>
							<shadowcolor>text_shadow</shadowcolor>
						</control>
					</itemlayout>
					<focusedlayout height="list_item_height" width="608" condition="!Container.Content(songs) + !Container.Content(addons) + !Container.Content(playlists) + !Container.Content() + !Container.Content(tvshows) + !Container.Content(seasons) + !Container.Content(episodes) + !Container.Content(movies) + !Container.Content(musicvideos) + !Container.Content(videos)+ !Container.Content(favourites)">
						<control type="image">
							<left>0</left>
							<right>0</right>
							<bottom>0</bottom>
							<texture colordiffuse="button_focus">masks/focus-long.png</texture>
							<visible>Control.HasFocus(55)</visible>
						</control>
							<control type="image">
							<left>25</left>
							<top>24</top>
							<width>23</width>
							<height>23</height>
							<texture colordiffuse="focused_text">$VAR[ListWatchedIconVar]</texture>
							<animation effect="fade" start="30" end="100" time="300" reversible="false">Focus</animation>
						</control>
						<control type="label">
							<left>70</left>
							<top>-4</top>
							<bottom>0</bottom>
							<right>20</right>
							<aligny>center</aligny>
							<scroll>true</scroll>
							<font>font27_title</font>
							<label>[LIGHT]$INFO[ListItem.Label][/LIGHT]</label>
							<textcolor>focused_text</textcolor>
							<shadowcolor>text_shadow</shadowcolor>
						</control>
						<control type="label">
							<left>70</left>
							<top>-4</top>
							<bottom>0</bottom>
							<right>20</right>
							<align>right</align>
							<aligny>center</aligny>
							<label>[LIGHT]$VAR[ListLabel2Var][/LIGHT]</label>
							<font>font27_title</font>
							<textcolor>focused_text</textcolor>
							<shadowcolor>text_shadow</shadowcolor>
						</control>
					</focusedlayout>
					<itemlayout height="list_item_height" width="608" condition="!Container.Content(songs) + !Container.Content(addons) + !Container.Content(playlists) + !Container.Content() + !Container.Content(tvshows) + !Container.Content(seasons) + !Container.Content(episodes) + !Container.Content(movies) + !Container.Content(musicvideos) + !Container.Content(videos) + !Container.Content(favourites)">
						<control type="image">
							<left>25</left>
							<top>24</top>
							<width>23</width>
							<height>23</height>
							<texture colordiffuse="unfocused_text">$VAR[ListWatchedIconVar]</texture>
							<animation effect="fade" start="30" end="100" time="300" reversible="false">Focus</animation>
						</control>
						<control type="label">
							<left>70</left>
							<top>-4</top>
							<bottom>0</bottom>
							<right>20</right>
							<aligny>center</aligny>
							<font>font27</font>
							<textcolor>unfocused_text</textcolor>
							<label>$VAR[ListLabelVar]</label>
							<shadowcolor>text_shadow</shadowcolor>
						</control>
						<control type="label">
							<left>70</left>
							<top>-4</top>
							<bottom>0</bottom>
							<right>20</right>
							<align>right</align>
							<aligny>center</aligny>
							<font>font27</font>
							<textcolor>unfocused_text</textcolor>
							<label>$VAR[ListLabel2Var]</label>
							<shadowcolor>text_shadow</shadowcolor>
						</control>
					</itemlayout>
					<focusedlayout height="list_item_height" width="608" condition="Container.Content(playlists) | Container.Content(favourites) | Container.Content()">
						<control type="image">
							<left>0</left>
							<right>0</right>
							<bottom>0</bottom>
							<texture colordiffuse="button_focus">masks/focus.png</texture>
							<visible>Control.HasFocus(55)</visible>
						</control>
						<control type="image">
							<left>20</left>
							<centertop>50%</centertop>
							<height>50</height>
							<width>50</width>
							<bottom>10</bottom>
							<aspectratio>keep</aspectratio>
							<texture colordiffuse="focused_text" diffuse="masks/addons.png">$INFO[ListItem.Icon]</texture>
						</control>
						<control type="label">
							<left>90</left>
							<top>-4</top>
							<bottom>0</bottom>
							<right>25</right>
							<aligny>center</aligny>
							<scroll>true</scroll>
							<scrollspeed>160</scrollspeed>
							<font>font27_title</font>
							<label>[LIGHT]$INFO[ListItem.Label][/LIGHT]</label>
							<textcolor>focused_text</textcolor>
							<shadowcolor>text_shadow</shadowcolor>
						</control>
					</focusedlayout>
					<itemlayout height="list_item_height" width="608" condition="Container.Content(playlists) | Container.Content(favourites) | Container.Content()">
						<control type="image">
							<left>20</left>
							<centertop>50%</centertop>
							<height>50</height>
							<width>50</width>
							<bottom>10</bottom>
							<aspectratio>keep</aspectratio>
							<texture diffuse="masks/addons.png" colordiffuse="unfocused_text">$INFO[ListItem.Icon]</texture>
						</control>
						<control type="label">
							<left>90</left>
							<top>-4</top>
							<bottom>0</bottom>
							<right>25</right>
							<aligny>center</aligny>
							<textcolor>unfocused_text</textcolor>
							<label>$INFO[ListItem.Label]</label>
							<font>font27</font>
							<shadowcolor>text_shadow</shadowcolor>
						</control>
					</itemlayout>
					<include condition="Window.IsActive(music)">SongsListLayout</include>
					<include>AddonsListLayout</include>
				</control>
			</control>
		</definition>
	</include>
	<include name="SongsListLayout">
		<focusedlayout height="list_item_height" condition="Container.Content(songs)">
			<control type="image">
				<left>0</left>
				<right>0</right>
				<texture colordiffuse="button_focus">masks/focus-long.png</texture>
				<visible>Control.hasFocus(55)</visible>
			</control>
			<control type="label">
				<left>35</left>
				<right>40</right>
				<aligny>center</aligny>
				<scroll>true</scroll>
				<label>$VAR[ListLabelVar]</label>
				<shadowcolor>text_shadow</shadowcolor>
			</control>
			<control type="label">
				<left>35</left>
				<right>40</right>
				<align>right</align>
				<aligny>center</aligny>
				<label>$VAR[ListLabel2Var]</label>
				<shadowcolor>text_shadow</shadowcolor>
			</control>
		</focusedlayout>
		<itemlayout height="list_item_height" condition="Container.Content(songs)">
			<control type="label">
				<left>35</left>
				<right>40</right>
				<aligny>center</aligny>
				<label>$VAR[ListLabelVar]</label>
				<shadowcolor>text_shadow</shadowcolor>
			</control>
			<control type="label">
				<left>35</left>
				<right>40</right>
				<align>right</align>
				<aligny>center</aligny>
				<label>$VAR[ListLabel2Var]</label>
				<textcolor>grey</textcolor>
				<shadowcolor>text_shadow</shadowcolor>
			</control>
		</itemlayout>
	</include>
	<include name="AddonsListLayout">
		<focusedlayout height="list_item_height" width="913" condition="Container.Content(addons)">
			<control type="image">
				<left>0</left>
				<right>0</right>
				<bottom>0</bottom>
				<texture colordiffuse="button_focus">masks/focus-long.png</texture>
				<visible>Control.HasFocus(55)</visible>
			</control>
			<control type="image">
				<left>20</left>
				<top>18</top>
				<width>33</width>
				<height>33</height>
				<texture colordiffuse="focused_text">$VAR[AddonsListIconVar]</texture>
				<animation effect="fade" start="30" end="100" time="300" reversible="false">Focus</animation>
			</control>
			<control type="label">
				<top>-4</top>
				<left>70</left>
				<aligny>center</aligny>
				<scroll>true</scroll>
				<font>font27_title</font>
				<label>[LIGHT]$INFO[ListItem.Label][/LIGHT]</label>
				<textcolor>focused_text</textcolor>
			</control>
			<control type="label">
				<top>-4</top>
				<right>70</right>
				<align>right</align>
				<aligny>center</aligny>
				<font>font27_title</font>
				<label>[LIGHT]$VAR[AddonsLabel2Var][/LIGHT]</label>
				<textcolor>focused_text</textcolor>
				<scroll>true</scroll>
			</control>
			<control type="image">
				<right>20</right>
				<centertop>50%</centertop>
				<width>33</width>
				<height>33</height>
				<texture colordiffuse="focused_text">$VAR[AddonsOriginVar]</texture>
				<visible>!ListItem.IsFolder</visible>
			</control>
		</focusedlayout>
		<itemlayout height="list_item_height" width="913" condition="Container.Content(addons)">
			<control type="image">
				<left>20</left>
				<top>18</top>
				<width>33</width>
				<height>33</height>
				<texture colordiffuse="unfocused_text">$VAR[AddonsListIconVar]</texture>
				<animation effect="fade" start="30" end="100" time="300" reversible="false">Focus</animation>
			</control>
			<control type="label">
				<top>-4</top>
				<left>70</left>
				<aligny>center</aligny>
				<label>$INFO[ListItem.Label]</label>
				<textcolor>unfocused_text</textcolor>
				<font>font27</font>
			</control>
			<control type="label">
				<top>-4</top>
				<left>75</left>
				<right>70</right>
				<align>right</align>
				<aligny>center</aligny>
				<label>$VAR[AddonsLabel2Var]</label>
				<font>font27</font>
				<textcolor>unfocused_text</textcolor>
				<shadowcolor>text_shadow</shadowcolor>
			</control>
			<control type="image">
				<right>20</right>
				<centertop>50%</centertop>
				<width>33</width>
				<height>33</height>
				<texture colordiffuse="unfocused_text">$VAR[AddonsOriginVar]</texture>
				<visible>!ListItem.IsFolder</visible>
			</control>
		</itemlayout>
	</include>
</includes>
